method,n,d,instance_id,LB,UB,Cuts,TotalTime,Gap%,Cost,FirstStageTime,SecondStageTime
ILP,100,AD_1,"SWNN100DAD_1R0.001P(25, 200)I0",75191.0,75191.0,19.0,1.92745304107666,0.0,,,
MILP,100,AD_1,"SWNN100DAD_1R0.001P(25, 200)I0",75191.0,75191.0,8.0,0.961965799331665,0.0,,,
Matheuristic,100,AD_1,"SWNN100DAD_1R0.001P(25, 200)I0",,,,1.016068935394287,,85459.0,0.9705090522766112,0.0455598831176757
ILP,100,AD_1,"SWNN100DAD_1R0.001P(25, 200)I1",75903.0,75903.0,20.0,1.233747959136963,0.0,,,
MILP,100,AD_1,"SWNN100DAD_1R0.001P(25, 200)I1",75903.0,75903.0,10.0,0.8865871429443359,0.0,,,
Matheuristic,100,AD_1,"SWNN100DAD_1R0.001P(25, 200)I1",,,,1.233029842376709,,85078.0,1.190169095993042,0.0428607463836669
ILP,100,AD_1,"SWNN100DAD_1R0.001P(25, 200)I2",73426.0,73426.0,10.0,1.2006378173828125,0.0,,,
MILP,100,AD_1,"SWNN100DAD_1R0.001P(25, 200)I2",73426.0,73426.0,12.0,0.8889479637145996,0.0,,,
Matheuristic,100,AD_1,"SWNN100DAD_1R0.001P(25, 200)I2",,,,0.5267300605773926,,84101.0,0.5251190662384033,0.0016109943389892
ILP,100,AD_1,"SWNN100DAD_1R0.002P(25, 200)I0",163424.0,163424.0,30.0,6.927716970443726,0.0,,,
MILP,100,AD_1,"SWNN100DAD_1R0.002P(25, 200)I0",163424.0,163424.0,18.0,2.56615686416626,0.0,,,
Matheuristic,100,AD_1,"SWNN100DAD_1R0.002P(25, 200)I0",,,,3.221235752105713,,169428.0,3.206178903579712,0.0150568485260009
ILP,100,AD_1,"SWNN100DAD_1R0.002P(25, 200)I1",163617.00000000003,163617.0,10.0,1.966028928756714,0.0,,,
MILP,100,AD_1,"SWNN100DAD_1R0.002P(25, 200)I1",163617.0,163617.0,11.0,1.1405799388885498,0.0,,,
Matheuristic,100,AD_1,"SWNN100DAD_1R0.002P(25, 200)I1",,,,1.51139497756958,,171524.0,1.4871559143066406,0.0242390632629394
ILP,100,AD_1,"SWNN100DAD_1R0.002P(25, 200)I2",167300.0,167300.0,12.0,2.2872560024261475,0.0,,,
MILP,100,AD_1,"SWNN100DAD_1R0.002P(25, 200)I2",167300.0,167300.0,12.0,1.18151593208313,0.0,,,
Matheuristic,100,AD_1,"SWNN100DAD_1R0.002P(25, 200)I2",,,,1.554912805557251,,172946.0,1.5293519496917725,0.0255608558654785
ILP,100,AD_1,"SWNN100DAD_1R0.003P(25, 200)I0",261336.0,261336.0,34.0,25.17545509338379,0.0,,,
MILP,100,AD_1,"SWNN100DAD_1R0.003P(25, 200)I0",261336.0,261336.0,28.0,12.721179962158203,0.0,,,
Matheuristic,100,AD_1,"SWNN100DAD_1R0.003P(25, 200)I0",,,,4.785948991775513,,260673.0,4.728003025054932,0.057945966720581
ILP,100,AD_1,"SWNN100DAD_1R0.003P(25, 200)I1",259836.0,259836.0,40.0,52.10921311378479,0.0,,,
MILP,100,AD_1,"SWNN100DAD_1R0.003P(25, 200)I1",259836.0,259836.0,23.0,30.964956045150757,0.0,,,
Matheuristic,100,AD_1,"SWNN100DAD_1R0.003P(25, 200)I1",,,,8.92744493484497,,258334.0,8.8782799243927,0.0491650104522705
ILP,100,AD_1,"SWNN100DAD_1R0.003P(25, 200)I2",259021.0,259021.0,25.0,9.171056985855104,0.0,,,
MILP,100,AD_1,"SWNN100DAD_1R0.003P(25, 200)I2",259021.0,259021.0,16.0,2.85417103767395,0.0,,,
Matheuristic,100,AD_1,"SWNN100DAD_1R0.003P(25, 200)I2",,,,2.0180041790008545,,260119.0,1.984605312347412,0.0333988666534423
ILP,300,AD_1,"SWNN300DAD_1R1e-05P(25, 200)I0",53612.0,53612.0,20.0,28.278610944747925,0.0,,,
MILP,300,AD_1,"SWNN300DAD_1R1e-05P(25, 200)I0",53612.0,53612.0,25.0,55.14480519294739,0.0,,,
Matheuristic,300,AD_1,"SWNN300DAD_1R1e-05P(25, 200)I0",,,,14.380053997039797,,70874.0,13.134443998336792,1.245609998703003
ILP,300,AD_1,"SWNN300DAD_1R1e-05P(25, 200)I1",53131.0,53131.0,11.0,54.95874810218811,0.0,,,
MILP,300,AD_1,"SWNN300DAD_1R1e-05P(25, 200)I1",53131.0,53131.0,9.0,8.59096908569336,0.0,,,
Matheuristic,300,AD_1,"SWNN300DAD_1R1e-05P(25, 200)I1",,,,7.1265857219696045,,70156.0,5.327483892440796,1.7991018295288086
ILP,300,AD_1,"SWNN300DAD_1R1e-05P(25, 200)I2",51771.0,51771.0,15.0,42.960328817367554,0.0,,,
MILP,300,AD_1,"SWNN300DAD_1R1e-05P(25, 200)I2",51766.301369863,51771.0,9.0,25.614153146743774,0.0090757955940545,,,
Matheuristic,300,AD_1,"SWNN300DAD_1R1e-05P(25, 200)I2",,,,6.498374700546265,,67124.0,4.6865057945251465,1.8118689060211184
ILP,300,AD_1,"SWNN300DAD_1R2e-05P(25, 200)I0",133232.0,133237.0,23.0,27.772257089614868,0.0037527113339387,,,
MILP,300,AD_1,"SWNN300DAD_1R2e-05P(25, 200)I0",133237.0,133237.0,19.0,25.32527494430542,0.0,,,
Matheuristic,300,AD_1,"SWNN300DAD_1R2e-05P(25, 200)I0",,,,9.31338596343994,,138339.0,4.763758659362793,4.549627304077148
ILP,300,AD_1,"SWNN300DAD_1R2e-05P(25, 200)I1",134665.0,134670.0,4.0,9.196089029312134,0.0037127793866488,,,
MILP,300,AD_1,"SWNN300DAD_1R2e-05P(25, 200)I1",134670.0,134670.0,24.0,39.1881411075592,0.0,,,
Matheuristic,300,AD_1,"SWNN300DAD_1R2e-05P(25, 200)I1",,,,8.257614135742188,,139657.0,3.6780121326446538,4.579602003097534
ILP,300,AD_1,"SWNN300DAD_1R2e-05P(25, 200)I2",136478.0,136478.0,17.0,60.54192900657654,0.0,,,
MILP,300,AD_1,"SWNN300DAD_1R2e-05P(25, 200)I2",136478.0,136478.0,18.0,26.97144889831543,0.0,,,
Matheuristic,300,AD_1,"SWNN300DAD_1R2e-05P(25, 200)I2",,,,5.993981838226318,,140819.0,2.46244478225708,3.5315370559692383
ILP,300,AD_1,"SWNN300DAD_1R3e-05P(25, 200)I0",218068.0,218068.0,6.0,7.122299909591675,0.0,,,
MILP,300,AD_1,"SWNN300DAD_1R3e-05P(25, 200)I0",218067.7272727273,218068.0,20.0,51.93457889556885,0.0001250652423717,,,
Matheuristic,300,AD_1,"SWNN300DAD_1R3e-05P(25, 200)I0",,,,5.8374950885772705,,207123.0,2.388942003250122,3.4485530853271484
ILP,300,AD_1,"SWNN300DAD_1R3e-05P(25, 200)I1",218744.0,218756.0,9.0,8.480178833007812,0.005485563824535,,,
MILP,300,AD_1,"SWNN300DAD_1R3e-05P(25, 200)I1",218756.0,218756.0,15.0,25.60953998565674,0.0,,,
Matheuristic,300,AD_1,"SWNN300DAD_1R3e-05P(25, 200)I1",,,,4.79105281829834,,207771.0,2.9512767791748047,1.8397760391235352
ILP,300,AD_1,"SWNN300DAD_1R3e-05P(25, 200)I2",218948.0,218969.0,6.0,5.740504026412964,0.0095903986409035,,,
MILP,300,AD_1,"SWNN300DAD_1R3e-05P(25, 200)I2",218955.16666666663,218969.0,17.0,22.15115714073181,0.0063174848190122,,,
Matheuristic,300,AD_1,"SWNN300DAD_1R3e-05P(25, 200)I2",,,,5.347799062728882,,210438.0,2.326287031173706,3.021512031555176
ILP,500,AD_1,"SWNN500DAD_1R1e-05P(25, 200)I0",621790.0,621819.0,18.0,322.38078117370605,0.004663736553563,,,
MILP,500,AD_1,"SWNN500DAD_1R1e-05P(25, 200)I0",621801.375,621822.0,15.0,395.1412239074707,0.0033168655981936,,,
Matheuristic,500,AD_1,"SWNN500DAD_1R1e-05P(25, 200)I0",,,,8.82427191734314,,670869.0,6.512316942214966,2.311954975128174
ILP,500,AD_1,"SWNN500DAD_1R1e-05P(25, 200)I1",633481.0,633497.0,4.0,66.49336385726929,0.0025256631049555,,,
MILP,500,AD_1,"SWNN500DAD_1R1e-05P(25, 200)I1",633480.6666666666,633531.0,7.0,144.10213494300842,0.0079448887794554,,,
Matheuristic,500,AD_1,"SWNN500DAD_1R1e-05P(25, 200)I1",,,,18.86989998817444,,680593.0,3.270796060562134,15.599103927612305
ILP,500,AD_1,"SWNN500DAD_1R1e-05P(25, 200)I2",633742.3333333333,633762.0,9.0,250.04000306129456,0.0031031628066599,,,
MILP,500,AD_1,"SWNN500DAD_1R1e-05P(25, 200)I2",633742.5,633777.0,9.0,81.60620713233948,0.0054435550674764,,,
Matheuristic,500,AD_1,"SWNN500DAD_1R1e-05P(25, 200)I2",,,,19.706430673599243,,683454.0,7.07573390007019,12.630696773529053
ILP,500,AD_1,"SWNN500DAD_1R2e-05P(25, 200)I0",1343417.9746954085,1343471.0,6.0,103.40702891349792,0.003946888663153,,,
MILP,500,AD_1,"SWNN500DAD_1R2e-05P(25, 200)I0",1343417.8321823203,1343539.0,9.0,137.85854387283325,0.0090185560433824,,,
Matheuristic,500,AD_1,"SWNN500DAD_1R2e-05P(25, 200)I0",,,,31.512650966644287,,1359748.0,8.327413082122803,23.185237884521484
ILP,500,AD_1,"SWNN500DAD_1R2e-05P(25, 200)I1",1356375.5909090906,1356510.0,2.0,46.10397911071777,0.0099084482170723,,,
MILP,500,AD_1,"SWNN500DAD_1R2e-05P(25, 200)I1",1356375.590909091,1356422.0,3.0,2.6664960384368896,0.0034214345468403,,,
Matheuristic,500,AD_1,"SWNN500DAD_1R2e-05P(25, 200)I1",,,,5.684578895568848,,1372506.0,3.992835998535156,1.6917428970336914
ILP,500,AD_1,"SWNN500DAD_1R2e-05P(25, 200)I2",1334129.2033036824,1334230.0,6.0,90.19065690040588,0.0075546717070981,,,
MILP,500,AD_1,"SWNN500DAD_1R2e-05P(25, 200)I2",1334128.104616688,1334231.0,7.0,75.26720881462097,0.0077119616702155,,,
Matheuristic,500,AD_1,"SWNN500DAD_1R2e-05P(25, 200)I2",,,,15.940055131912231,,1349757.0,7.855046987533569,8.085008144378662
ILP,500,AD_1,"SWNN500DAD_1R3e-05P(25, 200)I0",2074306.0000000005,2074387.0,7.0,89.82611799240112,0.003904768010961,,,
MILP,500,AD_1,"SWNN500DAD_1R3e-05P(25, 200)I0",2074305.79245283,2074380.0,4.0,97.6750500202179,0.0035773362243117,,,
Matheuristic,500,AD_1,"SWNN500DAD_1R3e-05P(25, 200)I0",,,,14.726959943771362,,2043588.0,5.0213401317596436,9.70561981201172
ILP,500,AD_1,"SWNN500DAD_1R3e-05P(25, 200)I1",2061129.5153846145,2061149.0,4.0,81.47480797767639,0.0009453278431479,,,
MILP,500,AD_1,"SWNN500DAD_1R3e-05P(25, 200)I1",2061129.270491803,2061271.0,1.0,3.082921028137207,0.0068758308925383,,,
Matheuristic,500,AD_1,"SWNN500DAD_1R3e-05P(25, 200)I1",,,,45.92291021347046,,2035052.0,4.790696144104004,41.132214069366455
ILP,500,AD_1,"SWNN500DAD_1R3e-05P(25, 200)I2",2067055.8500000013,2067108.0,5.0,106.92094016075134,0.002522848346518,,,
MILP,500,AD_1,"SWNN500DAD_1R3e-05P(25, 200)I2",2067055.5833333335,2067157.0,8.0,212.5076069831848,0.004906094054129,,,
Matheuristic,500,AD_1,"SWNN500DAD_1R3e-05P(25, 200)I2",,,,29.50317096710205,,2042657.0,8.634875059127808,20.868295907974243
ILP,400,AD_1,"SWNN400DAD_1R1e-05P(25, 200)I0",234553.0,234570.0,8.0,28.11314392089844,0.0072473035767574,,,
MILP,400,AD_1,"SWNN400DAD_1R1e-05P(25, 200)I0",234558.7692307692,234573.0,23.0,229.980966091156,0.0060666697491955,,,
Matheuristic,400,AD_1,"SWNN400DAD_1R1e-05P(25, 200)I0",,,,8.398926973342896,,264746.0,6.594141960144043,1.8047850131988523
ILP,400,AD_1,"SWNN400DAD_1R1e-05P(25, 200)I1",236904.0,236916.0,6.0,63.85360288619995,0.0050650863597224,,,
MILP,400,AD_1,"SWNN400DAD_1R1e-05P(25, 200)I1",236907.0,236926.0,5.0,14.52698016166687,0.0080193815790584,,,
Matheuristic,400,AD_1,"SWNN400DAD_1R1e-05P(25, 200)I1",,,,6.861885070800781,,268423.0,3.618698120117187,3.2431869506835938
ILP,400,AD_1,"SWNN400DAD_1R1e-05P(25, 200)I2",235823.0,235839.0,20.0,133.90691900253296,0.0067842892820949,,,
MILP,400,AD_1,"SWNN400DAD_1R1e-05P(25, 200)I2",235813.0,235832.0,19.0,127.35174989700316,0.0080565826520573,,,
Matheuristic,400,AD_1,"SWNN400DAD_1R1e-05P(25, 200)I2",,,,9.929359197616575,,267539.0,5.788279056549072,4.141080141067505
ILP,400,AD_1,"SWNN400DAD_1R2e-05P(25, 200)I0",527458.3636363641,527510.0,12.0,108.88349604606628,0.0097886985338453,,,
MILP,400,AD_1,"SWNN400DAD_1R2e-05P(25, 200)I0",527478.5227272727,527510.0,23.0,111.9962248802185,0.0059671423721434,,,
Matheuristic,400,AD_1,"SWNN400DAD_1R2e-05P(25, 200)I0",,,,20.774936199188232,,536644.0,6.749949216842651,14.02498698234558
ILP,400,AD_1,"SWNN400DAD_1R2e-05P(25, 200)I1",526904.0,526904.0,1.0,2.555532217025757,0.0,,,
MILP,400,AD_1,"SWNN400DAD_1R2e-05P(25, 200)I1",526904.0,526904.0,1.0,1.5772221088409424,0.0,,,
Matheuristic,400,AD_1,"SWNN400DAD_1R2e-05P(25, 200)I1",,,,15.814695119857788,,536136.0,1.7372620105743408,14.077433109283447
ILP,400,AD_1,"SWNN400DAD_1R2e-05P(25, 200)I2",528772.1219512194,528803.0,3.0,10.913111925125122,0.0058392347964378,,,
MILP,400,AD_1,"SWNN400DAD_1R2e-05P(25, 200)I2",528772.9333333332,528803.0,4.0,30.416980028152462,0.0056857972944116,,,
Matheuristic,400,AD_1,"SWNN400DAD_1R2e-05P(25, 200)I2",,,,4.641362905502319,,538579.0,2.883448839187622,1.7579140663146973
ILP,400,AD_1,"SWNN400DAD_1R3e-05P(25, 200)I0",824907.0,824907.0,1.0,5.57352089881897,0.0,,,
MILP,400,AD_1,"SWNN400DAD_1R3e-05P(25, 200)I0",824907.0,824907.0,1.0,3.1953799724578857,0.0,,,
Matheuristic,400,AD_1,"SWNN400DAD_1R3e-05P(25, 200)I0",,,,7.238553047180176,,806595.0,1.935910940170288,5.302642107009888
ILP,400,AD_1,"SWNN400DAD_1R3e-05P(25, 200)I1",819806.0,819867.0,5.0,11.646903038024902,0.0074402311594441,,,
MILP,400,AD_1,"SWNN400DAD_1R3e-05P(25, 200)I1",819801.0,819875.0,11.0,55.56239914894104,0.0090257661228845,,,
Matheuristic,400,AD_1,"SWNN400DAD_1R3e-05P(25, 200)I1",,,,12.348688840866089,,801733.0,4.898189067840576,7.450499773025513
ILP,400,AD_1,"SWNN400DAD_1R3e-05P(25, 200)I2",828021.7217391306,828066.0,5.0,45.73584508895874,0.0053471898217581,,,
MILP,400,AD_1,"SWNN400DAD_1R3e-05P(25, 200)I2",828020.943661972,828095.0,4.0,10.898223876953123,0.0089429761112011,,,
Matheuristic,400,AD_1,"SWNN400DAD_1R3e-05P(25, 200)I2",,,,8.16529393196106,,805504.0,3.69712495803833,4.4681689739227295
ILP,200,AD_1,"SWNN200DAD_1R0.0001P(25, 200)I0",147302.0,147302.0,13.0,6.687690019607544,0.0,,,
MILP,200,AD_1,"SWNN200DAD_1R0.0001P(25, 200)I0",147302.0,147302.0,12.0,2.3232030868530273,0.0,,,
Matheuristic,200,AD_1,"SWNN200DAD_1R0.0001P(25, 200)I0",,,,2.344904899597168,,164928.0,2.120116949081421,0.224787950515747
ILP,200,AD_1,"SWNN200DAD_1R0.0001P(25, 200)I1",147839.0,147839.0,14.0,8.124042987823486,0.0,,,
MILP,200,AD_1,"SWNN200DAD_1R0.0001P(25, 200)I1",147831.7035881435,147839.0,18.0,4.681234836578369,0.004935376900895,,,
Matheuristic,200,AD_1,"SWNN200DAD_1R0.0001P(25, 200)I1",,,,2.9732859134674072,,165758.0,2.7924060821533203,0.1808798313140869
ILP,200,AD_1,"SWNN200DAD_1R0.0001P(25, 200)I2",144857.0,144857.0,21.0,11.997061967849731,0.0,,,
MILP,200,AD_1,"SWNN200DAD_1R0.0001P(25, 200)I2",144850.3333333333,144857.0,18.0,13.379199981689451,0.0046022399101776,,,
Matheuristic,200,AD_1,"SWNN200DAD_1R0.0001P(25, 200)I2",,,,3.2944560050964355,,163141.0,2.5865390300750732,0.7079169750213623
ILP,200,AD_1,"SWNN200DAD_1R0.0002P(25, 200)I0",327413.0,327437.0,10.0,8.78614616394043,0.0073296542541007,,,
MILP,200,AD_1,"SWNN200DAD_1R0.0002P(25, 200)I0",327424.0,327424.0,15.0,10.506188869476318,0.0,,,
Matheuristic,200,AD_1,"SWNN200DAD_1R0.0002P(25, 200)I0",,,,3.000239849090576,,335216.0,2.151555061340332,0.8486847877502441
ILP,200,AD_1,"SWNN200DAD_1R0.0002P(25, 200)I1",320034.0,320052.0,3.0,2.084141969680786,0.005624086086011,,,
MILP,200,AD_1,"SWNN200DAD_1R0.0002P(25, 200)I1",320045.5,320052.0,14.0,15.220355033874512,0.0020309199755039,,,
Matheuristic,200,AD_1,"SWNN200DAD_1R0.0002P(25, 200)I1",,,,2.078914165496826,,329484.0,1.321953058242798,0.7569611072540283
ILP,200,AD_1,"SWNN200DAD_1R0.0002P(25, 200)I2",321893.0,321913.0,6.0,1.6655550003051758,0.0062128587537626,,,
MILP,200,AD_1,"SWNN200DAD_1R0.0002P(25, 200)I2",321910.2,321913.0,27.0,17.899281978607178,0.0008698002255231,,,
Matheuristic,200,AD_1,"SWNN200DAD_1R0.0002P(25, 200)I2",,,,1.912881851196289,,328505.0,1.6441950798034668,0.2686867713928222
ILP,200,AD_1,"SWNN200DAD_1R0.0003P(25, 200)I0",507129.0,507129.0,12.0,7.677064895629883,0.0,,,
MILP,200,AD_1,"SWNN200DAD_1R0.0003P(25, 200)I0",507097.1428571428,507129.0,16.0,5.652161121368408,0.0062818617860973,,,
Matheuristic,200,AD_1,"SWNN200DAD_1R0.0003P(25, 200)I0",,,,2.882650852203369,,497604.0,2.443894147872925,0.4387567043304443
ILP,200,AD_1,"SWNN200DAD_1R0.0003P(25, 200)I1",502429.0,502473.0,13.0,4.6083409786224365,0.0087566894141575,,,
MILP,200,AD_1,"SWNN200DAD_1R0.0003P(25, 200)I1",502461.453125,502473.0,17.0,6.452397108078003,0.0022980090472522,,,
Matheuristic,200,AD_1,"SWNN200DAD_1R0.0003P(25, 200)I1",,,,2.9453492164611816,,495168.0,2.709468364715576,0.2358808517456054
ILP,200,AD_1,"SWNN200DAD_1R0.0003P(25, 200)I2",500521.3134130144,500554.0,12.0,14.005305051803589,0.0065300820661901,,,
MILP,200,AD_1,"SWNN200DAD_1R0.0003P(25, 200)I2",500508.8000000001,500554.0,13.0,4.010276079177856,0.0090299947657901,,,
Matheuristic,200,AD_1,"SWNN200DAD_1R0.0003P(25, 200)I2",,,,4.0235021114349365,,493265.0,3.836717128753662,0.1867849826812744
ILP,500,AD_2,"SWNN500DAD_2R1e-05P(25, 200)I0",2948295.9999999986,2948522.0,2.0,22.676868200302124,0.0076648571725561,,,
MILP,500,AD_2,"SWNN500DAD_2R1e-05P(25, 200)I0",2948296.0,2948319.0,3.0,33.293482065200806,0.0007801055448884,,,
Matheuristic,500,AD_2,"SWNN500DAD_2R1e-05P(25, 200)I0",,,,45.598042011260986,,3018264.0,7.347749948501587,38.2502920627594
ILP,500,AD_2,"SWNN500DAD_2R1e-05P(25, 200)I1",2944470.6,2944510.0,5.0,318.68893098831177,0.0013380834162528,,,
MILP,500,AD_2,"SWNN500DAD_2R1e-05P(25, 200)I1",2944484.0,2944598.0,8.0,164.92406606674194,0.0038714962110277,,,
Matheuristic,500,AD_2,"SWNN500DAD_2R1e-05P(25, 200)I1",,,,19.997483015060425,,3013377.0,8.750317096710205,11.24716591835022
ILP,500,AD_2,"SWNN500DAD_2R1e-05P(25, 200)I2",2945827.8571428563,2945862.0,7.0,210.22606015205383,0.0011590107460449,,,
MILP,500,AD_2,"SWNN500DAD_2R1e-05P(25, 200)I2",2945819.6428571427,2945949.0,3.0,3.555579900741577,0.0043910177283203,,,
Matheuristic,500,AD_2,"SWNN500DAD_2R1e-05P(25, 200)I2",,,,55.652050256729126,,3014373.0,7.88089919090271,47.771151065826416
ILP,500,AD_2,"SWNN500DAD_2R2e-05P(25, 200)I0",6003676.0,6003676.0,1.0,25.58317708969116,0.0,,,
MILP,500,AD_2,"SWNN500DAD_2R2e-05P(25, 200)I0",6003676.0,6003676.0,1.0,10.000038862228394,0.0,,,
Matheuristic,500,AD_2,"SWNN500DAD_2R2e-05P(25, 200)I0",,,,12.990841150283812,,6018391.0,11.280349969863892,1.710491180419922
ILP,500,AD_2,"SWNN500DAD_2R2e-05P(25, 200)I1",5996899.5000000065,5996972.0,3.0,106.56476902961732,0.0012089434466841,,,
MILP,500,AD_2,"SWNN500DAD_2R2e-05P(25, 200)I1",5996898.052631578,5997140.0,3.0,33.242974042892456,0.0040343791944425,,,
Matheuristic,500,AD_2,"SWNN500DAD_2R2e-05P(25, 200)I1",,,,83.33298993110657,,6009450.0,11.49607801437378,71.83691191673279
ILP,500,AD_2,"SWNN500DAD_2R2e-05P(25, 200)I2",6008948.363636363,6009524.0,2.0,111.6396300792694,0.0095787347489868,,,
MILP,500,AD_2,"SWNN500DAD_2R2e-05P(25, 200)I2",6008948.363636363,6009173.0,5.0,32.84360694885254,0.0037382242720704,,,
Matheuristic,500,AD_2,"SWNN500DAD_2R2e-05P(25, 200)I2",,,,98.10448288917542,,6021408.0,12.06194281578064,86.04254007339478
ILP,500,AD_2,"SWNN500DAD_2R3e-05P(25, 200)I0",9073421.0,9073430.0,3.0,153.30242586135864,9.919071398578046e-05,,,
MILP,500,AD_2,"SWNN500DAD_2R3e-05P(25, 200)I0",9073421.0,9073464.0,3.0,187.4371359348297,0.0004739094132075,,,
Matheuristic,500,AD_2,"SWNN500DAD_2R3e-05P(25, 200)I0",,,,37.07757234573364,,9016329.0,15.066680192947388,22.010892152786255
ILP,500,AD_2,"SWNN500DAD_2R3e-05P(25, 200)I1",9102396.0,9102712.0,5.0,148.66997909545898,0.0034714928913493,,,
MILP,500,AD_2,"SWNN500DAD_2R3e-05P(25, 200)I1",9102396.0,9103173.0,6.0,53.02668809890747,0.0085354853741656,,,
Matheuristic,500,AD_2,"SWNN500DAD_2R3e-05P(25, 200)I1",,,,22.39625310897827,,9043094.0,17.584426879882812,4.811826229095459
ILP,500,AD_2,"SWNN500DAD_2R3e-05P(25, 200)I2",9065376.666666666,9065536.0,3.0,131.88050293922424,0.0017575721207654,,,
MILP,500,AD_2,"SWNN500DAD_2R3e-05P(25, 200)I2",9065376.5,9065406.0,3.0,80.17338800430298,0.0003254128938075,,,
Matheuristic,500,AD_2,"SWNN500DAD_2R3e-05P(25, 200)I2",,,,56.65999698638916,,9008130.0,15.322808742523192,41.33718824386597
ILP,400,AD_2,"SWNN400DAD_2R1e-05P(25, 200)I0",1152568.875,1152627.0,6.0,52.75659203529358,0.0050428282523314,,,
MILP,400,AD_2,"SWNN400DAD_2R1e-05P(25, 200)I0",1152568.5,1152649.0,5.0,68.42384505271912,0.0069839127088992,,,
Matheuristic,400,AD_2,"SWNN400DAD_2R1e-05P(25, 200)I0",,,,21.300644159317017,,1200176.0,5.478802919387817,15.8218412399292
ILP,400,AD_2,"SWNN400DAD_2R1e-05P(25, 200)I1",1155283.0,1155283.0,1.0,15.27361798286438,0.0,,,
MILP,400,AD_2,"SWNN400DAD_2R1e-05P(25, 200)I1",1155283.0,1155283.0,1.0,13.45565915107727,0.0,,,
Matheuristic,400,AD_2,"SWNN400DAD_2R1e-05P(25, 200)I1",,,,18.92492914199829,,1202148.0,3.54732894897461,15.377600193023682
ILP,400,AD_2,"SWNN400DAD_2R1e-05P(25, 200)I2",1154445.5454545454,1154540.0,3.0,53.37567496299744,0.0081811410132682,,,
MILP,400,AD_2,"SWNN400DAD_2R1e-05P(25, 200)I2",1154445.0,1154510.0,4.0,46.62866187095642,0.0056300941524975,,,
Matheuristic,400,AD_2,"SWNN400DAD_2R1e-05P(25, 200)I2",,,,25.44294691085815,,1201702.0,4.932488918304443,20.51045799255371
ILP,400,AD_2,"SWNN400DAD_2R2e-05P(25, 200)I0",2394791.4999999995,2394953.0,6.0,41.40238690376282,0.0067433473642474,,,
MILP,400,AD_2,"SWNN400DAD_2R2e-05P(25, 200)I0",2394788.1666666665,2394867.0,5.0,20.34180283546448,0.0032917624792311,,,
Matheuristic,400,AD_2,"SWNN400DAD_2R2e-05P(25, 200)I0",,,,8.637559652328491,,2404857.0,6.023379802703857,2.614179849624634
ILP,400,AD_2,"SWNN400DAD_2R2e-05P(25, 200)I1",2402034.6666666665,2402080.0,3.0,34.60781407356262,0.0018872532693952,,,
MILP,400,AD_2,"SWNN400DAD_2R2e-05P(25, 200)I1",2402034.6,2402261.0,5.0,22.526761054992676,0.0094244547116198,,,
Matheuristic,400,AD_2,"SWNN400DAD_2R2e-05P(25, 200)I1",,,,25.70424485206604,,2414589.0,5.086103916168213,20.618140935897827
ILP,400,AD_2,"SWNN400DAD_2R2e-05P(25, 200)I2",2401199.6666666665,2401405.0,5.0,44.13794803619385,0.008550549921129,,,
MILP,400,AD_2,"SWNN400DAD_2R2e-05P(25, 200)I2",2401199.375,2401239.0,4.0,46.64617896080017,0.001650189756205,,,
Matheuristic,400,AD_2,"SWNN400DAD_2R2e-05P(25, 200)I2",,,,24.86375904083252,,2411300.0,7.134340047836304,17.729418992996216
ILP,400,AD_2,"SWNN400DAD_2R3e-05P(25, 200)I0",3631924.75,3631940.0,6.0,156.834214925766,0.0004198857910648,,,
MILP,400,AD_2,"SWNN400DAD_2R3e-05P(25, 200)I0",3631924.5625,3631961.0,3.0,21.998598098754883,0.0010032459048982,,,
Matheuristic,400,AD_2,"SWNN400DAD_2R3e-05P(25, 200)I0",,,,9.470365762710571,,3598484.0,6.328762769699097,3.1416029930114746
ILP,400,AD_2,"SWNN400DAD_2R3e-05P(25, 200)I1",3648139.888888886,3648499.0,3.0,30.690925121307373,0.0098427082236777,,,
MILP,400,AD_2,"SWNN400DAD_2R3e-05P(25, 200)I1",3648139.888888889,3648329.0,3.0,36.007506132125854,0.0051834993804288,,,
Matheuristic,400,AD_2,"SWNN400DAD_2R3e-05P(25, 200)I1",,,,19.409928798675537,,3613646.0,6.188579082489014,13.221349716186523
ILP,400,AD_2,"SWNN400DAD_2R3e-05P(25, 200)I2",3648100.673469392,3648356.0,2.0,11.115004062652588,0.0069983995697756,,,
MILP,400,AD_2,"SWNN400DAD_2R3e-05P(25, 200)I2",3648100.673469387,3648341.0,4.0,63.79238295555115,0.0065872825652136,,,
Matheuristic,400,AD_2,"SWNN400DAD_2R3e-05P(25, 200)I2",,,,35.34199023246765,,3613492.0,6.39797306060791,28.94401717185974
ILP,300,AD_2,"SWNN300DAD_2R1e-05P(25, 200)I0",335856.0,335856.0,1.0,2.659914970397949,0.0,,,
MILP,300,AD_2,"SWNN300DAD_2R1e-05P(25, 200)I0",335856.0,335856.0,1.0,2.3198201656341553,0.0,,,
Matheuristic,300,AD_2,"SWNN300DAD_2R1e-05P(25, 200)I0",,,,8.019166946411133,,363142.0,1.4339420795440674,6.585224866867065
ILP,300,AD_2,"SWNN300DAD_2R1e-05P(25, 200)I1",331408.0,331438.0,7.0,36.823923110961914,0.0090514666393111,,,
MILP,300,AD_2,"SWNN300DAD_2R1e-05P(25, 200)I1",331406.80000000005,331438.0,11.0,43.45438599586487,0.0094135253048695,,,
Matheuristic,300,AD_2,"SWNN300DAD_2R1e-05P(25, 200)I1",,,,4.241991281509399,,358133.0,1.538668155670166,2.7033231258392334
ILP,300,AD_2,"SWNN300DAD_2R1e-05P(25, 200)I2",335420.07692307694,335452.0,14.0,75.30462384223938,0.0095164366058522,,,
MILP,300,AD_2,"SWNN300DAD_2R1e-05P(25, 200)I2",335449.7291666667,335452.0,15.0,31.62843108177185,0.0006769473228103,,,
Matheuristic,300,AD_2,"SWNN300DAD_2R1e-05P(25, 200)I2",,,,5.310768842697144,,361708.0,3.703176975250244,1.6075918674468994
ILP,300,AD_2,"SWNN300DAD_2R2e-05P(25, 200)I0",713926.0,713990.0,8.0,26.48627495765686,0.0089637109763442,,,
MILP,300,AD_2,"SWNN300DAD_2R2e-05P(25, 200)I0",713923.625,713974.0,6.0,25.61953592300415,0.0070555790546994,,,
Matheuristic,300,AD_2,"SWNN300DAD_2R2e-05P(25, 200)I0",,,,3.1111278533935547,,720294.0,1.9549458026885984,1.156182050704956
ILP,300,AD_2,"SWNN300DAD_2R2e-05P(25, 200)I1",714000.0,714057.0,7.0,63.53166699409485,0.0079825560144358,,,
MILP,300,AD_2,"SWNN300DAD_2R2e-05P(25, 200)I1",713999.7368421053,714046.0,6.0,95.98090100288393,0.0064790164631856,,,
Matheuristic,300,AD_2,"SWNN300DAD_2R2e-05P(25, 200)I1",,,,6.042320013046265,,719001.0,3.046095848083496,2.996224164962769
ILP,300,AD_2,"SWNN300DAD_2R2e-05P(25, 200)I2",715671.0,715681.0,8.0,9.883515119552612,0.0013972705716653,,,
MILP,300,AD_2,"SWNN300DAD_2R2e-05P(25, 200)I2",715643.6666666666,715711.0,6.0,31.50794291496277,0.0094078941546758,,,
Matheuristic,300,AD_2,"SWNN300DAD_2R2e-05P(25, 200)I2",,,,6.974052667617798,,722196.0,2.3515608310699463,4.622491836547852
ILP,300,AD_2,"SWNN300DAD_2R3e-05P(25, 200)I0",1092129.3333333328,1092149.0,8.0,26.913787126541138,0.001800731096875,,,
MILP,300,AD_2,"SWNN300DAD_2R3e-05P(25, 200)I0",1092128.6666666667,1092148.0,4.0,4.276909112930298,0.0017702118516222,,,
Matheuristic,300,AD_2,"SWNN300DAD_2R3e-05P(25, 200)I0",,,,4.854383707046509,,1074665.0,3.01914381980896,1.8352398872375488
ILP,300,AD_2,"SWNN300DAD_2R3e-05P(25, 200)I1",1100493.0,1100581.0,4.0,9.687535047531128,0.0079957767760846,,,
MILP,300,AD_2,"SWNN300DAD_2R3e-05P(25, 200)I1",1100492.7142857143,1100558.0,5.0,6.022921085357666,0.0059320557649556,,,
Matheuristic,300,AD_2,"SWNN300DAD_2R3e-05P(25, 200)I1",,,,3.3549787998199463,,1082651.0,3.2054038047790527,0.1495749950408935
ILP,300,AD_2,"SWNN300DAD_2R3e-05P(25, 200)I2",1106875.333333333,1106962.0,6.0,23.369330167770386,0.0078292359328483,,,
MILP,300,AD_2,"SWNN300DAD_2R3e-05P(25, 200)I2",1106875.3333333333,1106966.0,12.0,40.872517824172974,0.0081905556870531,,,
Matheuristic,300,AD_2,"SWNN300DAD_2R3e-05P(25, 200)I2",,,,7.623229265213013,,1088988.0,3.984589099884033,3.638640165328979
ILP,200,AD_2,"SWNN200DAD_2R0.0001P(25, 200)I0",710892.225,710941.0,4.0,9.50965404510498,0.0068606255652752,,,
MILP,200,AD_2,"SWNN200DAD_2R0.0001P(25, 200)I0",710891.1634615385,710931.0,9.0,12.38284993171692,0.0056034324655279,,,
Matheuristic,200,AD_2,"SWNN200DAD_2R0.0001P(25, 200)I0",,,,3.023206949234009,,739728.0,2.0130670070648193,1.0101399421691897
ILP,200,AD_2,"SWNN200DAD_2R0.0001P(25, 200)I1",718257.2857142858,718315.0,6.0,4.404051065444946,0.0080346763904697,,,
MILP,200,AD_2,"SWNN200DAD_2R0.0001P(25, 200)I1",718268.0,718325.0,8.0,9.647495985031128,0.0079351268576201,,,
Matheuristic,200,AD_2,"SWNN200DAD_2R0.0001P(25, 200)I1",,,,2.2422549724578857,,747937.0,1.8521840572357176,0.3900709152221679
ILP,200,AD_2,"SWNN200DAD_2R0.0001P(25, 200)I2",715442.0000000006,715494.0,4.0,1.730398178100586,0.0072677059485359,,,
MILP,200,AD_2,"SWNN200DAD_2R0.0001P(25, 200)I2",715440.0,715501.0,7.0,5.435884952545166,0.0085254947232778,,,
Matheuristic,200,AD_2,"SWNN200DAD_2R0.0001P(25, 200)I2",,,,2.189988136291504,,742419.0,1.3837361335754397,0.8062520027160645
ILP,200,AD_2,"SWNN200DAD_2R0.0002P(25, 200)I0",1467465.0,1467603.0,9.0,25.97923898696899,0.0094030878922978,,,
MILP,200,AD_2,"SWNN200DAD_2R0.0002P(25, 200)I0",1467386.875,1467507.0,5.0,6.264732122421265,0.0081856509031984,,,
Matheuristic,200,AD_2,"SWNN200DAD_2R0.0002P(25, 200)I0",,,,4.502238988876343,,1474454.0,3.6392412185668945,0.8629977703094482
ILP,200,AD_2,"SWNN200DAD_2R0.0002P(25, 200)I1",1472054.0,1472099.0,5.0,7.052436113357544,0.003056859626968,,,
MILP,200,AD_2,"SWNN200DAD_2R0.0002P(25, 200)I1",1472048.5196078431,1472099.0,8.0,5.366971969604492,0.0034291438386186,,,
Matheuristic,200,AD_2,"SWNN200DAD_2R0.0002P(25, 200)I1",,,,4.628467798233032,,1481239.0,2.8388726711273193,1.789595127105713
ILP,200,AD_2,"SWNN200DAD_2R0.0002P(25, 200)I2",1464558.666666669,1464677.0,8.0,11.092339992523192,0.008079141908484,,,
MILP,200,AD_2,"SWNN200DAD_2R0.0002P(25, 200)I2",1464624.4347826086,1464764.0,15.0,11.605003118515016,0.0095281709129494,,,
Matheuristic,200,AD_2,"SWNN200DAD_2R0.0002P(25, 200)I2",,,,4.127087831497192,,1474674.0,2.580717086791992,1.5463707447052002
ILP,200,AD_2,"SWNN200DAD_2R0.0003P(25, 200)I0",2232906.902777782,2233069.0,19.0,17.47609806060791,0.0072589437324757,,,
MILP,200,AD_2,"SWNN200DAD_2R0.0003P(25, 200)I0",2232938.4285714286,2233069.0,17.0,7.744400978088379,0.0058471739373643,,,
Matheuristic,200,AD_2,"SWNN200DAD_2R0.0003P(25, 200)I0",,,,4.308104038238525,,2216508.0,3.514662027359009,0.7934420108795166
ILP,200,AD_2,"SWNN200DAD_2R0.0003P(25, 200)I1",2229883.3749999977,2230086.0,25.0,33.92221784591675,0.0090859724693275,,,
MILP,200,AD_2,"SWNN200DAD_2R0.0003P(25, 200)I1",2229905.1428571427,2230093.0,12.0,11.15407395362854,0.0084237358198638,,,
Matheuristic,200,AD_2,"SWNN200DAD_2R0.0003P(25, 200)I1",,,,6.312196493148804,,2215956.0,4.508474111557007,1.8037223815917969
ILP,200,AD_2,"SWNN200DAD_2R0.0003P(25, 200)I2",2238789.0,2238934.0,11.0,19.819036960601807,0.0064762963088684,,,
MILP,200,AD_2,"SWNN200DAD_2R0.0003P(25, 200)I2",2238729.0,2238950.0,15.0,10.598191022872925,0.0098706983184081,,,
Matheuristic,200,AD_2,"SWNN200DAD_2R0.0003P(25, 200)I2",,,,5.120669841766357,,2221875.0,4.967935085296631,0.1527347564697265
ILP,100,AD_2,"SWNN100DAD_2R0.001P(25, 200)I0",434602.0,434602.0,14.0,3.739457845687866,0.0,,,
MILP,100,AD_2,"SWNN100DAD_2R0.001P(25, 200)I0",434602.0,434602.0,19.0,3.400017023086548,0.0,,,
Matheuristic,100,AD_2,"SWNN100DAD_2R0.001P(25, 200)I0",,,,2.013650894165039,,452294.0,1.9967050552368164,0.0169458389282226
ILP,100,AD_2,"SWNN100DAD_2R0.001P(25, 200)I1",433142.271523178,433168.0,6.0,1.4794771671295166,0.0059396069935841,,,
MILP,100,AD_2,"SWNN100DAD_2R0.001P(25, 200)I1",433144.0,433168.0,11.0,0.909937858581543,0.0055405754811066,,,
Matheuristic,100,AD_2,"SWNN100DAD_2R0.001P(25, 200)I1",,,,0.7781722545623779,,450630.0,0.6873941421508789,0.090778112411499
ILP,100,AD_2,"SWNN100DAD_2R0.001P(25, 200)I2",430319.0,430351.0,9.0,2.6665291786193848,0.0074357907847315,,,
MILP,100,AD_2,"SWNN100DAD_2R0.001P(25, 200)I2",430351.0,430351.0,9.0,1.868730068206787,0.0,,,
Matheuristic,100,AD_2,"SWNN100DAD_2R0.001P(25, 200)I2",,,,2.2250499725341797,,449603.0,2.2015798091888428,0.0234701633453369
ILP,100,AD_2,"SWNN100DAD_2R0.002P(25, 200)I0",894550.4705882353,894566.0,8.0,3.2645390033721924,0.0017359716068684,,,
MILP,100,AD_2,"SWNN100DAD_2R0.002P(25, 200)I0",894566.0,894566.0,13.0,1.8144989013671875,0.0,,,
Matheuristic,100,AD_2,"SWNN100DAD_2R0.002P(25, 200)I0",,,,2.163931369781494,,907104.0,2.037734031677246,0.126197338104248
ILP,100,AD_2,"SWNN100DAD_2R0.002P(25, 200)I1",905087.0,905087.0,13.0,7.17965292930603,0.0,,,
MILP,100,AD_2,"SWNN100DAD_2R0.002P(25, 200)I1",905057.1366459628,905087.0,14.0,2.4680280685424805,0.0032995009360738,,,
Matheuristic,100,AD_2,"SWNN100DAD_2R0.002P(25, 200)I1",,,,2.314768075942993,,911861.0,2.283061981201172,0.0317060947418212
ILP,100,AD_2,"SWNN100DAD_2R0.002P(25, 200)I2",887880.0,887936.0,9.0,3.662623167037964,0.0063067608476286,,,
MILP,100,AD_2,"SWNN100DAD_2R0.002P(25, 200)I2",887896.75,887908.0,13.0,1.149507999420166,0.0012670231600571,,,
Matheuristic,100,AD_2,"SWNN100DAD_2R0.002P(25, 200)I2",,,,1.3254587650299072,,897904.0,1.2827801704406738,0.0426785945892334
ILP,100,AD_2,"SWNN100DAD_2R0.003P(25, 200)I0",1372375.2032520338,1372501.0,31.0,17.70990300178528,0.0091655122995323,,,
MILP,100,AD_2,"SWNN100DAD_2R0.003P(25, 200)I0",1372464.0,1372501.0,26.0,6.737594127655029,0.0026958086005037,,,
Matheuristic,100,AD_2,"SWNN100DAD_2R0.003P(25, 200)I0",,,,6.602643251419067,,1366737.0,6.595219135284424,0.0074241161346435
ILP,100,AD_2,"SWNN100DAD_2R0.003P(25, 200)I1",1366371.0,1366371.0,23.0,25.51153302192688,0.0,,,
MILP,100,AD_2,"SWNN100DAD_2R0.003P(25, 200)I1",1366322.1657142858,1366371.0,34.0,12.353339910507202,0.00357401362545,,,
Matheuristic,100,AD_2,"SWNN100DAD_2R0.003P(25, 200)I1",,,,8.225205183029175,,1360624.0,8.113032102584839,0.1121730804443359
ILP,100,AD_2,"SWNN100DAD_2R0.003P(25, 200)I2",1379393.7118226627,1379470.0,7.0,11.08635711669922,0.0055302527301981,,,
MILP,100,AD_2,"SWNN100DAD_2R0.003P(25, 200)I2",1379341.493131868,1379470.0,31.0,6.581319808959961,0.0093156696508024,,,
Matheuristic,100,AD_2,"SWNN100DAD_2R0.003P(25, 200)I2",,,,6.951195955276489,,1373404.0,6.898140907287598,0.0530550479888916
ILP,100,AD_3,"SWNN100DAD_3R0.001P(25, 200)I0",989399.9090909088,989444.0,10.0,2.764064073562622,0.004456129815461,,,
MILP,100,AD_3,"SWNN100DAD_3R0.001P(25, 200)I0",989444.0,989444.0,8.0,0.760890007019043,0.0,,,
Matheuristic,100,AD_3,"SWNN100DAD_3R0.001P(25, 200)I0",,,,1.396496057510376,,1009817.0,1.2875521183013916,0.1089439392089843
ILP,100,AD_3,"SWNN100DAD_3R0.001P(25, 200)I1",989920.3333323328,990017.0,7.0,4.434002161026001,0.0097641421982754,,,
MILP,100,AD_3,"SWNN100DAD_3R0.001P(25, 200)I1",989921.9166666666,990017.0,9.0,3.1757330894470215,0.0096042121835657,,,
Matheuristic,100,AD_3,"SWNN100DAD_3R0.001P(25, 200)I1",,,,1.2390179634094238,,1011322.0,1.229748010635376,0.0092699527740478
ILP,100,AD_3,"SWNN100DAD_3R0.001P(25, 200)I2",990270.5999999996,990318.0,10.0,5.105425119400024,0.0047863413570445,,,
MILP,100,AD_3,"SWNN100DAD_3R0.001P(25, 200)I2",990231.0833333334,990318.0,11.0,2.0687739849090576,0.0087766421156262,,,
Matheuristic,100,AD_3,"SWNN100DAD_3R0.001P(25, 200)I2",,,,1.5977580547332764,,1014260.0,1.4588801860809326,0.1388778686523437
ILP,100,AD_3,"SWNN100DAD_3R0.002P(25, 200)I0",2016088.2222222227,2016274.0,7.0,8.089354038238525,0.0092139152603905,,,
MILP,100,AD_3,"SWNN100DAD_3R0.002P(25, 200)I0",2016094.75,2016228.0,12.0,2.625998020172119,0.0066088755835153,,,
Matheuristic,100,AD_3,"SWNN100DAD_3R0.002P(25, 200)I0",,,,2.3668947219848633,,2026455.0,2.2468669414520264,0.1200277805328369
ILP,100,AD_3,"SWNN100DAD_3R0.002P(25, 200)I1",2008330.015248404,2008441.0,12.0,15.713358879089355,0.0055259154536337,,,
MILP,100,AD_3,"SWNN100DAD_3R0.002P(25, 200)I1",2008441.0,2008441.0,11.0,3.311784029006958,0.0,,,
Matheuristic,100,AD_3,"SWNN100DAD_3R0.002P(25, 200)I1",,,,5.547946214675903,,2018702.0,5.367898225784302,0.1800479888916015
ILP,100,AD_3,"SWNN100DAD_3R0.002P(25, 200)I2",2003634.249999999,2003834.0,9.0,8.570209980010986,0.0099683905952754,,,
MILP,100,AD_3,"SWNN100DAD_3R0.002P(25, 200)I2",2003626.3333333333,2003778.0,15.0,3.1986749172210693,0.0075690354254185,,,
Matheuristic,100,AD_3,"SWNN100DAD_3R0.002P(25, 200)I2",,,,2.780768871307373,,2013156.0,2.6143999099731445,0.1663689613342285
ILP,100,AD_3,"SWNN100DAD_3R0.003P(25, 200)I0",3071249.1538461554,3071408.0,10.0,22.59841799736023,0.0051717698802833,,,
MILP,100,AD_3,"SWNN100DAD_3R0.003P(25, 200)I0",3071153.5714285714,3071435.0,14.0,5.486160039901733,0.0091627715197827,,,
Matheuristic,100,AD_3,"SWNN100DAD_3R0.003P(25, 200)I0",,,,4.882289171218872,,3059930.0,4.716060161590576,0.1662290096282959
ILP,100,AD_3,"SWNN100DAD_3R0.003P(25, 200)I1",3056305.3888888857,3056560.0,9.0,13.724196910858154,0.0083299889782718,,,
MILP,100,AD_3,"SWNN100DAD_3R0.003P(25, 200)I1",3056315.5,3056560.0,19.0,5.1147778034210205,0.0079991886303556,,,
Matheuristic,100,AD_3,"SWNN100DAD_3R0.003P(25, 200)I1",,,,4.346517324447632,,3042935.0,4.213426113128662,0.1330912113189697
ILP,100,AD_3,"SWNN100DAD_3R0.003P(25, 200)I2",3058734.8403508808,3059020.0,13.0,30.76461911201477,0.0093219282358156,,,
MILP,100,AD_3,"SWNN100DAD_3R0.003P(25, 200)I2",3058698.0155574763,3059002.0,24.0,9.865868091583252,0.0099373731211578,,,
Matheuristic,100,AD_3,"SWNN100DAD_3R0.003P(25, 200)I2",,,,10.02708101272583,,3044912.0,9.804068803787231,0.2230122089385986
ILP,300,AD_3,"SWNN300DAD_3R1e-05P(25, 200)I0",809554.0,809559.0,6.0,58.48070311546326,0.0006176202105096,,,
MILP,300,AD_3,"SWNN300DAD_3R1e-05P(25, 200)I0",809554.0,809559.0,10.0,78.52345395088196,0.0006176202105096,,,
Matheuristic,300,AD_3,"SWNN300DAD_3R1e-05P(25, 200)I0",,,,7.910909175872803,,843499.0,4.12923789024353,3.781671285629273
ILP,300,AD_3,"SWNN300DAD_3R1e-05P(25, 200)I1",809897.0,809910.0,8.0,52.28628492355347,0.0016051166178958,,,
MILP,300,AD_3,"SWNN300DAD_3R1e-05P(25, 200)I1",809897.0,809904.0,2.0,7.912162065505981,0.0008642999664157,,,
Matheuristic,300,AD_3,"SWNN300DAD_3R1e-05P(25, 200)I1",,,,3.9723362922668457,,841377.0,2.704061269760132,1.268275022506714
ILP,300,AD_3,"SWNN300DAD_3R1e-05P(25, 200)I2",814338.1578937373,814419.0,5.0,49.26747179031372,0.0099263531748016,,,
MILP,300,AD_3,"SWNN300DAD_3R1e-05P(25, 200)I2",814334.5789473684,814368.0,10.0,58.00124192237854,0.0041039250844302,,,
Matheuristic,300,AD_3,"SWNN300DAD_3R1e-05P(25, 200)I2",,,,14.248616218566896,,847106.0,5.3643810749053955,8.884235143661499
ILP,300,AD_3,"SWNN300DAD_3R2e-05P(25, 200)I0",1675175.25,1675250.0,4.0,66.15715098381042,0.0044620205939412,,,
MILP,300,AD_3,"SWNN300DAD_3R2e-05P(25, 200)I0",1675175.1,1675216.0,7.0,124.07164597511292,0.0024414762036601,,,
Matheuristic,300,AD_3,"SWNN300DAD_3R2e-05P(25, 200)I0",,,,13.608686208724976,,1680875.0,4.193424940109253,9.415261268615724
ILP,300,AD_3,"SWNN300DAD_3R2e-05P(25, 200)I1",1679271.0,1679420.0,7.0,37.70862102508545,0.0088721106096152,,,
MILP,300,AD_3,"SWNN300DAD_3R2e-05P(25, 200)I1",1679271.0,1679283.0,6.0,20.13502287864685,0.0007145906913843,,,
Matheuristic,300,AD_3,"SWNN300DAD_3R2e-05P(25, 200)I1",,,,5.820376873016357,,1685755.0,4.090059041976929,1.7303178310394287
ILP,300,AD_3,"SWNN300DAD_3R2e-05P(25, 200)I2",1676100.0,1676162.0,3.0,14.690951108932495,0.0036989264760804,,,
MILP,300,AD_3,"SWNN300DAD_3R2e-05P(25, 200)I2",1676099.4285714286,1676161.0,3.0,11.999130010604858,0.0036733600514128,,,
Matheuristic,300,AD_3,"SWNN300DAD_3R2e-05P(25, 200)I2",,,,8.4714994430542,,1681654.0,3.4423322677612305,5.029167175292969
ILP,300,AD_3,"SWNN300DAD_3R3e-05P(25, 200)I0",2556407.0,2556407.0,1.0,25.46294093132019,0.0,,,
MILP,300,AD_3,"SWNN300DAD_3R3e-05P(25, 200)I0",2556407.0,2556407.0,1.0,1.928913116455078,0.0,,,
Matheuristic,300,AD_3,"SWNN300DAD_3R3e-05P(25, 200)I0",,,,12.22869086265564,,2529037.0,4.1916868686676025,8.037003993988037
ILP,300,AD_3,"SWNN300DAD_3R3e-05P(25, 200)I1",2535270.0,2535282.0,3.0,51.98638606071472,0.0004733201277017,,,
MILP,300,AD_3,"SWNN300DAD_3R3e-05P(25, 200)I1",2535269.5,2535304.0,3.0,18.589470148086548,0.0013607835588947,,,
Matheuristic,300,AD_3,"SWNN300DAD_3R3e-05P(25, 200)I1",,,,19.637406826019287,,2510600.0,4.467159748077393,15.170247077941896
ILP,300,AD_3,"SWNN300DAD_3R3e-05P(25, 200)I2",2552634.0,2552634.0,1.0,6.706398963928223,0.0,,,
MILP,300,AD_3,"SWNN300DAD_3R3e-05P(25, 200)I2",2552634.0,2552634.0,1.0,3.1764769554138184,0.0,,,
Matheuristic,300,AD_3,"SWNN300DAD_3R3e-05P(25, 200)I2",,,,8.830654859542847,,2526458.0,4.007141828536987,4.823513031005859
ILP,500,AD_3,"SWNN500DAD_3R1e-05P(25, 200)I0",6767950.0,6767950.0,1.0,8.787683010101318,0.0,,,
MILP,500,AD_3,"SWNN500DAD_3R1e-05P(25, 200)I0",6767950.0,6767950.0,1.0,10.516965866088867,0.0,,,
Matheuristic,500,AD_3,"SWNN500DAD_3R1e-05P(25, 200)I0",,,,49.04104709625244,,6854089.0,13.883267164230348,35.157779932022095
ILP,500,AD_3,"SWNN500DAD_3R1e-05P(25, 200)I1",6748721.0,6748721.0,1.0,160.1910858154297,0.0,,,
MILP,500,AD_3,"SWNN500DAD_3R1e-05P(25, 200)I1",6748721.0,6748721.0,1.0,166.89314579963684,0.0,,,
Matheuristic,500,AD_3,"SWNN500DAD_3R1e-05P(25, 200)I1",,,,84.40069890022278,,6835745.0,13.762203931808472,70.6384949684143
ILP,500,AD_3,"SWNN500DAD_3R1e-05P(25, 200)I2",6748545.777777782,6748820.0,2.0,42.77496314048767,0.0040632617586228,,,
MILP,500,AD_3,"SWNN500DAD_3R1e-05P(25, 200)I2",6748545.777777778,6749195.0,4.0,63.23575210571289,0.0096192541810099,,,
Matheuristic,500,AD_3,"SWNN500DAD_3R1e-05P(25, 200)I2",,,,43.12898588180542,,6837152.0,14.360974073410034,28.768011808395386
ILP,500,AD_3,"SWNN500DAD_3R2e-05P(25, 200)I0",13690448.0,13690595.0,5.0,376.52920484542847,0.0010737298123273,,,
MILP,500,AD_3,"SWNN500DAD_3R2e-05P(25, 200)I0",13690448.0,13691257.0,4.0,403.92709708213806,0.0059088803898721,,,
Matheuristic,500,AD_3,"SWNN500DAD_3R2e-05P(25, 200)I0",,,,103.77984023094176,,13710199.0,27.865763187408447,75.91407704353333
ILP,500,AD_3,"SWNN500DAD_3R2e-05P(25, 200)I1",13698151.0,13698171.0,6.0,508.3032300472259,0.000146004893646,,,
MILP,500,AD_3,"SWNN500DAD_3R2e-05P(25, 200)I1",13698150.9375,13698171.0,3.0,69.9634850025177,0.0001464611589386,,,
Matheuristic,500,AD_3,"SWNN500DAD_3R2e-05P(25, 200)I1",,,,94.43247699737547,,13710271.0,27.74537873268127,66.68709826469421
ILP,500,AD_3,"SWNN500DAD_3R2e-05P(25, 200)I2",13699359.0,13699359.0,1.0,190.04595398902893,0.0,,,
MILP,500,AD_3,"SWNN500DAD_3R2e-05P(25, 200)I2",13699359.0,13699359.0,1.0,88.47895288467407,0.0,,,
Matheuristic,500,AD_3,"SWNN500DAD_3R2e-05P(25, 200)I2",,,,95.86216878890993,,13713056.0,26.916674852371216,68.9454939365387
ILP,500,AD_3,"SWNN500DAD_3R3e-05P(25, 200)I0",20652163.50000003,20652315.0,3.0,515.9297480583191,0.0007335739357558,,,
MILP,500,AD_3,"SWNN500DAD_3R3e-05P(25, 200)I0",20652163.272727273,20653592.0,5.0,455.1225209236145,0.0069175728499265,,,
Matheuristic,500,AD_3,"SWNN500DAD_3R3e-05P(25, 200)I0",,,,48.39347314834595,,20574325.0,41.56595587730408,6.82751727104187
ILP,500,AD_3,"SWNN500DAD_3R3e-05P(25, 200)I1",20628208.0,20628208.0,1.0,447.5277190208435,0.0,,,
MILP,500,AD_3,"SWNN500DAD_3R3e-05P(25, 200)I1",20628208.0,20628208.0,1.0,56.04632210731506,0.0,,,
Matheuristic,500,AD_3,"SWNN500DAD_3R3e-05P(25, 200)I1",,,,98.47575378417967,,20551291.0,41.23691987991333,57.23883390426636
ILP,500,AD_3,"SWNN500DAD_3R3e-05P(25, 200)I2",20676970.0,20677257.0,5.0,559.697998046875,0.0013879984177785,,,
MILP,500,AD_3,"SWNN500DAD_3R3e-05P(25, 200)I2",20676970.0,20678632.0,4.0,348.1289620399475,0.0080372821567693,,,
Matheuristic,500,AD_3,"SWNN500DAD_3R3e-05P(25, 200)I2",,,,80.66914987564087,,20596745.0,43.519871950149536,37.14927792549133
ILP,400,AD_3,"SWNN400DAD_3R1e-05P(25, 200)I0",2731525.0,2731543.0,3.0,50.19135904312134,0.0006589682095431,,,
MILP,400,AD_3,"SWNN400DAD_3R1e-05P(25, 200)I0",2731525.0,2731554.0,4.0,92.27873992919922,0.0010616667289023,,,
Matheuristic,400,AD_3,"SWNN400DAD_3R1e-05P(25, 200)I0",,,,53.07022309303284,,2788288.0,6.5002710819244385,46.5699520111084
ILP,400,AD_3,"SWNN400DAD_3R1e-05P(25, 200)I1",2732121.0,2732121.0,1.0,25.60656213760376,0.0,,,
MILP,400,AD_3,"SWNN400DAD_3R1e-05P(25, 200)I1",2732121.0,2732121.0,1.0,21.756822109222412,0.0,,,
Matheuristic,400,AD_3,"SWNN400DAD_3R1e-05P(25, 200)I1",,,,53.59258270263672,,2790121.0,6.322673797607422,47.2699089050293
ILP,400,AD_3,"SWNN400DAD_3R1e-05P(25, 200)I2",2727384.0,2727386.0,6.0,73.5648238658905,7.33302876820516e-05,,,
MILP,400,AD_3,"SWNN400DAD_3R1e-05P(25, 200)I2",2727383.75,2727463.0,4.0,35.93544387817383,0.0029056306171706,,,
Matheuristic,400,AD_3,"SWNN400DAD_3R1e-05P(25, 200)I2",,,,36.6976900100708,,2785403.0,6.7363269329071045,29.961363077163696
ILP,400,AD_3,"SWNN400DAD_3R2e-05P(25, 200)I0",5572647.701149437,5572826.0,5.0,96.58230090141296,0.0031994332958422,,,
MILP,400,AD_3,"SWNN400DAD_3R2e-05P(25, 200)I0",5572647.409090909,5572693.0,3.0,23.97551393508911,0.0008181126986687,,,
Matheuristic,400,AD_3,"SWNN400DAD_3R2e-05P(25, 200)I0",,,,13.00469708442688,,5581931.0,9.884708166122437,3.1199889183044434
ILP,400,AD_3,"SWNN400DAD_3R2e-05P(25, 200)I1",5582727.125000003,5582943.0,5.0,48.517133951187134,0.0038666882323033,,,
MILP,400,AD_3,"SWNN400DAD_3R2e-05P(25, 200)I1",5582726.399999999,5583076.0,5.0,202.14253997802737,0.0062617811400124,,,
Matheuristic,400,AD_3,"SWNN400DAD_3R2e-05P(25, 200)I1",,,,16.343756675720215,,5593746.0,10.123273849487305,6.22048282623291
ILP,400,AD_3,"SWNN400DAD_3R2e-05P(25, 200)I2",5566425.666666671,5566722.0,2.0,105.57744693756104,0.0053233003790973,,,
MILP,400,AD_3,"SWNN400DAD_3R2e-05P(25, 200)I2",5566425.666666667,5566473.0,3.0,139.3541910648346,0.0008503289844938,,,
Matheuristic,400,AD_3,"SWNN400DAD_3R2e-05P(25, 200)I2",,,,10.493558406829834,,5575169.0,9.821981191635132,0.6715772151947021
ILP,400,AD_3,"SWNN400DAD_3R3e-05P(25, 200)I0",8447582.0,8447587.0,5.0,222.2026259899139,5.918849962717164e-05,,,
MILP,400,AD_3,"SWNN400DAD_3R3e-05P(25, 200)I0",8447582.0,8447583.0,1.0,24.677091121673584,1.1837705530682564e-05,,,
Matheuristic,400,AD_3,"SWNN400DAD_3R3e-05P(25, 200)I0",,,,42.30070900917053,,8397286.0,12.900085926055908,29.400623083114624
ILP,400,AD_3,"SWNN400DAD_3R3e-05P(25, 200)I1",8397095.999999981,8397208.0,7.0,271.1132609844208,0.00133377665551,,,
MILP,400,AD_3,"SWNN400DAD_3R3e-05P(25, 200)I1",8397094.833333334,8397478.0,7.0,46.33427691459656,0.0045628778862659,,,
Matheuristic,400,AD_3,"SWNN400DAD_3R3e-05P(25, 200)I1",,,,17.350605726242065,,8351955.0,13.81551480293274,3.535090923309326
ILP,400,AD_3,"SWNN400DAD_3R3e-05P(25, 200)I2",8423701.0,8423701.0,1.0,77.07344698905945,0.0,,,
MILP,400,AD_3,"SWNN400DAD_3R3e-05P(25, 200)I2",8423701.0,8423701.0,1.0,31.08742117881775,0.0,,,
Matheuristic,400,AD_3,"SWNN400DAD_3R3e-05P(25, 200)I2",,,,41.32886600494385,,8372428.0,12.783700942993164,28.545165061950684
ILP,200,AD_3,"SWNN200DAD_3R0.0001P(25, 200)I0",1689724.9999999993,1689801.0,3.0,10.23482608795166,0.0044975710157999,,,
MILP,200,AD_3,"SWNN200DAD_3R0.0001P(25, 200)I0",1689724.3333333335,1689846.0,9.0,10.81740117073059,0.0071998671279223,,,
Matheuristic,200,AD_3,"SWNN200DAD_3R0.0001P(25, 200)I0",,,,2.7077667713165283,,1725381.0,2.6750247478485107,0.0327420234680175
ILP,200,AD_3,"SWNN200DAD_3R0.0001P(25, 200)I1",1697558.25,1697647.0,9.0,16.89856791496277,0.0052278241589682,,,
MILP,200,AD_3,"SWNN200DAD_3R0.0001P(25, 200)I1",1697557.25,1697643.0,6.0,4.885049104690552,0.0050511208775932,,,
Matheuristic,200,AD_3,"SWNN200DAD_3R0.0001P(25, 200)I1",,,,3.060459852218628,,1731590.0,2.48061203956604,0.5798478126525879
ILP,200,AD_3,"SWNN200DAD_3R0.0001P(25, 200)I2",1686615.0,1686680.0,13.0,21.502760887145996,0.0038537244764863,,,
MILP,200,AD_3,"SWNN200DAD_3R0.0001P(25, 200)I2",1686604.9285714286,1686741.0,9.0,11.443457126617432,0.0080671204750084,,,
Matheuristic,200,AD_3,"SWNN200DAD_3R0.0001P(25, 200)I2",,,,4.829001426696777,,1719094.0,3.5046820640563965,1.3243193626403809
ILP,200,AD_3,"SWNN200DAD_3R0.0002P(25, 200)I0",3442876.8,3442980.0,6.0,14.097807884216309,0.0029974034121658,,,
MILP,200,AD_3,"SWNN200DAD_3R0.0002P(25, 200)I0",3442876.5,3443129.0,9.0,9.844784021377563,0.0073334458279082,,,
Matheuristic,200,AD_3,"SWNN200DAD_3R0.0002P(25, 200)I0",,,,4.99281120300293,,3453113.0,4.690155029296875,0.3026561737060547
ILP,200,AD_3,"SWNN200DAD_3R0.0002P(25, 200)I1",3446640.628865983,3446683.0,5.0,15.402796983718872,0.0012293307512506,,,
MILP,200,AD_3,"SWNN200DAD_3R0.0002P(25, 200)I1",3446640.4210526315,3446961.0,8.0,8.124194860458374,0.0093003357847258,,,
Matheuristic,200,AD_3,"SWNN200DAD_3R0.0002P(25, 200)I1",,,,7.662482976913452,,3454573.0,5.447089910507202,2.21539306640625
ILP,200,AD_3,"SWNN200DAD_3R0.0002P(25, 200)I2",3419293.0,3419293.0,1.0,11.309467077255247,0.0,,,
MILP,200,AD_3,"SWNN200DAD_3R0.0002P(25, 200)I2",3419293.0,3419293.0,1.0,3.393051862716675,0.0,,,
Matheuristic,200,AD_3,"SWNN200DAD_3R0.0002P(25, 200)I2",,,,4.357875108718872,,3427379.0,3.836595058441162,0.52128005027771
ILP,200,AD_3,"SWNN200DAD_3R0.0003P(25, 200)I0",5210703.0,5210703.0,1.0,18.267333984375,0.0,,,
MILP,200,AD_3,"SWNN200DAD_3R0.0003P(25, 200)I0",5210703.0,5210703.0,1.0,5.768229007720947,0.0,,,
Matheuristic,200,AD_3,"SWNN200DAD_3R0.0003P(25, 200)I0",,,,7.204056739807129,,5184083.0,5.9278929233551025,1.2761638164520264
ILP,200,AD_3,"SWNN200DAD_3R0.0003P(25, 200)I1",5200069.000000001,5200379.0,5.0,28.015317916870117,0.005961103988749,,,
MILP,200,AD_3,"SWNN200DAD_3R0.0003P(25, 200)I1",5200068.833333333,5200482.0,6.0,14.18359899520874,0.00794477640086,,,
Matheuristic,200,AD_3,"SWNN200DAD_3R0.0003P(25, 200)I1",,,,9.106755256652832,,5172404.0,7.265785217285156,1.840970039367676
ILP,200,AD_3,"SWNN200DAD_3R0.0003P(25, 200)I2",5215175.702641029,5215402.0,4.0,36.105064868927,0.0043390204431238,,,
MILP,200,AD_3,"SWNN200DAD_3R0.0003P(25, 200)I2",5215175.073680924,5215402.0,12.0,24.82995986938477,0.0043510801099464,,,
Matheuristic,200,AD_3,"SWNN200DAD_3R0.0003P(25, 200)I2",,,,8.642035722732544,,5188537.0,8.192535638809204,0.4495000839233398
